{
  "noClaim": "There is no claim here.",
  "inspectBlockOwner": "This is %1$s's claim",
  "inspectNoClaim": "Nobody owns this block",
  "claimBlocksFormat": "Claim Blocks: %1$d + (Bonus) %2$d; Used: %3$d",
  "listClaims": "Listing all claims:",
  "listAdminClaims": "Listing all admin-claims in %1:",
  "onlyOnePlayer": "Only one player can be used as argument",
  "ownerTransferSuccess": "New Claimowner now: %s",
  "ownerTransferFail": "Only the owner may transfer claims",
  "noPermission": "You don't have the required permissions to do that here!",
  "noPermissionSimple": "Sorry you can't do that here!",
  "configReload": "Configs reloaded",
  "cantClaimHere": "Sorry you cant claim here",
  "minClaimSize": "This is too small. Minimum claimsize is %d",
  "landClaimDisabledWorld": "Claiming is disabled in this world",
  "editMode": "Editing mode set to %s",
  "notEnoughBlocks": "Not enough claim blocks",
  "conflictOther": "Claim would overlap other claims",
  "wrongMode": "Wrong claim mode. You are in %s-mode",
  "stringScreenReturn": "Click on paper to go back",
  "groupAdd": "Added group %s",
  "groupRemove": "Removed group %s",
  "groupExist": "Group already exist",
  "playerModify": "Modified permission group for following players to %1$s: %2$s",
  "playerModifyNo": "Couldn't set permission group for the players. Probably cause they already belong to a group",
  "playerGroupAddFail": "Couldn't add that player to the group either cause the player is already in a group or no player matching the name was found",
  "resizeClaim": "Resizing claim",
  "resizeSuccess": "Resized Claims",
  "claimCreateSuccess": "Created a new claim",
  "subClaimCreateSuccess": "Created a new subclaim",
  "deleteClaim": "Claim deleted",
  "deleteAllClaimConfirm": "Are you sure you want to delete all claims? Type it again to confirm",
  "deleteAllClaim": "All claims deleted",
  "deleteClaimError": "You can't delete this claim here",
  "deleteSubClaim": "Subclaim deleted",
  "deleteSubClaimAll": "All Subclaims from this claim deleted",
  "noSuchPerm": "No such Permission %s",
  "editPerm": "%1$s now set to %2$s",
  "editPermGroup": "%1$s for %2$s now set to %3$s",
  "adminMode": "Adminmode (Ignore Claims) set to: %s",
  "adminDeleteAll": "Deleted all claims for following players: %s",
  "setAdminClaim": "Adminclaim of this claim now: %s",
  "readGriefpreventionData": "Reading data from GriefPrevention",
  "readGriefpreventionDataSuccess": "Successfully read data",
  "errorFile": "Error reading file %s",
  "readConflict": "%1$s conflicts with existing claims. Not added to world! Conflicts:",
  "giveClaimBlocks": "Gave following players %2$d claimblocks: %1$s",
  "claimBasicInfo": "Owner: %1$s, from: [x=%2$d,z=%3$d] to [x=%4$d,z=%5$d]; Subclaim-amount: %6$d",
  "claimBasicInfoSub": "Owner: %1$s, from: [x=%2$d,z=%3$d] to [x=%4$d,z=%5$d]",
  "claimInfoPerms": "Permissions: %s",
  "claimGroupInfoHeader": "Groups: ",
  "claimGroupPerms": "    Permissions: %s",
  "claimGroupPlayers": "    Players: %s",
  "screenEnableText": "Enabled: %s",
  "screenUneditable": "Non Editable!",
  "EDITCLAIM.desc": "Gives permission to edit (resize, delete...) the claim",
  "EDITPERMS.desc": "Gives permission to change the claims permissions",
  "BREAK.desc": "Permission to break blocks in the claim",
  "PLACE.desc": "Permission to place blocks in the claim",
  "OPENCONTAINER.desc": [
    "Permission to open containers",
    "(chest, furnace etc.)"
  ],
  "ANVIL.desc": "Permission to use anvils",
  "BED.desc": "Permission to use beds",
  "BEACON.desc": "Permission to use beacons",
  "DOOR.desc": "Permission to use doors",
  "FENCEGATE.desc": "Permission to use fence gates",
  "TRAPDOOR.desc": "Permission to use trapdoors",
  "BUTTONLEVER.desc": "Permission to trigger levers and buttons",
  "PRESSUREPLATE.desc": "Permission to trigger pressure plates",
  "NOTEBLOCK.desc": "Permission to change noteblocks",
  "REDSTONE.desc": "Permission to change redstone components",
  "JUKEBOX.desc": "Permission to insert/take music discs",
  "ENDERCHEST.desc": "Permission to use enderchests",
  "ENCHANTMENT.desc": "Permission to use enchanting tables",
  "ITEMFRAMEROTATE.desc": "Permission to rotate items in item frames",
  "LECTERNTAKE.desc": "Permission to change books in a lectern",
  "ENDCRYSTALPLACE.desc": "Permission to place end crystals",
  "TARGETBLOCK.desc": "Permission to trigger target blocks",
  "PROJECTILES.desc": [
    "Permission to let shot projectiles",
    "interact with blocks (e.g. arrow on button)"
  ],
  "TRAMPLE.desc": [
    "Permission to enable block trampling",
    "(farmland, turtle eggs)"
  ],
  "PORTAL.desc": "Permission to use nether portals",
  "RAID.desc": [
    "Permission to trigger raids in claim.",
    "Wont prevent raids (just) outside"
  ],
  "BOAT.desc": "Permission to sit in boats",
  "MINECART.desc": "Permission to sit in minecarts",
  "BUCKET.desc": "Permission to take liquids with buckets",
  "ENDERPEARL.desc": "Permission to use enderpearls",
  "ANIMALINTERACT.desc": "Permission to interact with animals (e.g. shearing sheeps)",
  "HURTANIMAL.desc": "Permission to hurt animals",
  "XP.desc": "Permission to pick up xp orbs",
  "TRADING.desc": "Permission to trade with villagers",
  "ARMORSTAND.desc": "Permission to interact with armor stands",
  "BREAKNONLIVING.desc": "Permission to break things like minecarts or armor stands",
  "HURTPLAYER.desc": "Permission to hurt other players",
  "EXPLOSIONS.desc": "Toggle explosions in claim",
  "WITHER.desc": "Toggle wither breaking blocks in claim",
  "FIRESPREAD.desc": "Toggle firespread in claim",
  "WATERBORDER.desc": "Toggle water crossing claim borders",
  "PISTONBORDER.desc": "Toggle piston pull/push across claim borders",
  "MOBSPAWN.desc": "Prevent mobspawn in claim"
}