{"minecraft:fire_protection":{"orderIndex":1,"color":12888741},"minecraft:knockback":{"orderIndex":15,"color":6314848},"minecraft:mending":{"orderIndex":36,"color":13303649},"minecraft:power":{"orderIndex":23,"color":12915514},"minecraft:luck_of_the_sea":{"orderIndex":27,"color":4974672},"minecraft:thorns":{"orderIndex":7,"color":5639435},"minecraft:sweeping":{"orderIndex":18,"color":16757505},"minecraft:feather_falling":{"orderIndex":2,"color":16773329},"minecraft:flame":{"orderIndex":25,"color":16741654},"minecraft:binding_curse":{"orderIndex":10,"color":2575646},"minecraft:aqua_affinity":{"orderIndex":6,"color":7240439},"minecraft:projectile_protection":{"orderIndex":4,"color":13422037},"minecraft:smite":{"orderIndex":13,"color":12541742},"minecraft:frost_walker":{"orderIndex":9,"color":9483519},"minecraft:vanishing_curse":{"orderIndex":37,"color":1511968},"zoob:from_the_abyss":{"orderIndex":39,"color":12915514},"minecraft:punch":{"orderIndex":24,"color":6314848},"minecraft:blast_protection":{"orderIndex":3,"color":4468322},"minecraft:impaling":{"orderIndex":30,"color":12915514},"minecraft:bane_of_arthropods":{"orderIndex":14,"color":1003872},"minecraft:sharpness":{"orderIndex":12,"color":12915514},"minecraft:efficiency":{"orderIndex":19,"color":16773476},"minecraft:silk_touch":{"orderIndex":20,"color":16777215},"minecraft:looting":{"orderIndex":17,"color":16758363},"minecraft:lure":{"orderIndex":28,"color":16711680},"minecraft:depth_strider":{"orderIndex":8,"color":10279935},"minecraft:soul_speed":{"orderIndex":11,"color":4273196},"minecraft:respiration":{"orderIndex":5,"color":8050175},"minecraft:fire_aspect":{"orderIndex":16,"color":16741654},"minecraft:piercing":{"orderIndex":35,"color":3373904},"minecraft:loyalty":{"orderIndex":29,"color":7259313},"minecraft:unbreaking":{"orderIndex":21,"color":6042448},"minecraft:riptide":{"orderIndex":31,"color":11325425},"minecraft:quick_charge":{"orderIndex":34,"color":16711680},"minecraft:protection":{"orderIndex":0,"color":10858436},"minecraft:infinity":{"orderIndex":26,"color":8084455},"origins:water_protection":{"orderIndex":38,"color":12915514},"minecraft:fortune":{"orderIndex":22,"color":16758363},"minecraft:multishot":{"orderIndex":33,"color":16757505},"minecraft:channeling":{"orderIndex":32,"color":11466239}}