{
  "adamantiteGeneration": true,
  "adamantiteVeinSize": 4,
  "adamantitePerChunk": 1,
  "adamantiteMinHeight": 4,
  "adamantiteMaxHeight": 24,
  "aetheriumGeneration": true,
  "aetheriumVeinSize": 4,
  "aetheriumPerChunk": 3,
  "aetheriumMinHeight": 70,
  "aetheriumMaxHeight": 180,
  "aquariumGeneration": true,
  "aquariumVeinSize": 10,
  "aquariumPerChunk": 4,
  "aquariumMinHeight": 6,
  "aquariumMaxHeight": 63,
  "banglumGeneration": true,
  "banglumVeinSize": 7,
  "banglumPerChunk": 3,
  "banglumMinHeight": 6,
  "banglumMaxHeight": 32,
  "carmotGeneration": true,
  "carmotVeinSize": 3,
  "carmotPerChunk": 4,
  "carmotMinHeight": 8,
  "carmotMaxHeight": 48,
  "copperGeneration": true,
  "copperVeinSize": 12,
  "copperPerChunk": 6,
  "copperMinHeight": 32,
  "copperMaxHeight": 128,
  "kyberGeneration": true,
  "kyberVeinSize": 10,
  "kyberPerChunk": 1,
  "kyberMinHeight": 4,
  "kyberMaxHeight": 28,
  "manganeseGeneration": true,
  "manganeseVeinSize": 6,
  "manganesePerChunk": 4,
  "manganeseMinHeight": 6,
  "manganeseMaxHeight": 48,
  "midasgoldGeneration": true,
  "midasgoldVeinSize": 6,
  "midasgoldPerChunk": 7,
  "midasgoldMinHeight": 10,
  "midasgoldMaxHeight": 128,
  "mythrilGeneration": true,
  "mythrilVeinSize": 4,
  "mythrilPerChunk": 1,
  "mythrilMinHeight": 4,
  "mythrilMaxHeight": 24,
  "orichalcumGeneration": true,
  "orichalcumVeinSize": 4,
  "orichalcumPerChunk": 1,
  "orichalcumMinHeight": 4,
  "orichalcumMaxHeight": 24,
  "osmiumGeneration": true,
  "osmiumVeinSize": 9,
  "osmiumPerChunk": 6,
  "osmiumMinHeight": 6,
  "osmiumMaxHeight": 48,
  "platinumGeneration": true,
  "platinumVeinSize": 6,
  "platinumPerChunk": 2,
  "platinumMinHeight": 6,
  "platinumMaxHeight": 24,
  "prometheumGeneration": true,
  "prometheumVeinSize": 5,
  "prometheumPerChunk": 5,
  "prometheumMinHeight": 6,
  "prometheumMaxHeight": 48,
  "quadrillumGeneration": true,
  "quadrillumVeinSize": 8,
  "quadrillumPerChunk": 4,
  "quadrillumMinHeight": 6,
  "quadrillumMaxHeight": 56,
  "runiteGeneration": true,
  "runiteVeinSize": 3,
  "runitePerChunk": 5,
  "runiteMinHeight": 6,
  "runiteMaxHeight": 32,
  "silverGeneration": true,
  "silverVeinSize": 8,
  "silverPerChunk": 4,
  "silverMinHeight": 6,
  "silverMaxHeight": 48,
  "starriteGeneration": true,
  "starriteVeinSize": 5,
  "starritePerChunk": 2,
  "starriteMinHeight": 80,
  "starriteMaxHeight": 200,
  "stormyxGeneration": true,
  "stormyxVeinSize": 8,
  "stormyxPerChunk": 3,
  "stormyxMinHeight": 6,
  "stormyxMaxHeight": 54,
  "tantaliteGeneration": true,
  "tantaliteVeinSize": 8,
  "tantalitePerChunk": 4,
  "tantaliteMinHeight": 6,
  "tantaliteMaxHeight": 48,
  "tinGeneration": true,
  "tinVeinSize": 8,
  "tinPerChunk": 4,
  "tinMinHeight": 18,
  "tinMaxHeight": 128,
  "truesilverGeneration": true,
  "truesilverVeinSize": 4,
  "truesilverPerChunk": 6,
  "truesilverMinHeight": 8,
  "truesilverMaxHeight": 100,
  "unobtainiumGeneration": true,
  "unobtainiumVeinSize": 2,
  "unobtainiumAverageHeight": 7,
  "unobtainiumSpread": 24,
  "urGeneration": true,
  "urVeinSize": 6,
  "urPerChunk": 4,
  "urMinHeight": 10,
  "urMaxHeight": 80,
  "vermiculiteGeneration": true,
  "vermiculiteVeinSize": 8,
  "vermiculitePerChunk": 8,
  "vermiculiteMinHeight": 20,
  "vermiculiteMaxHeight": 128,
  "zincGeneration": true,
  "zincVeinSize": 6,
  "zincPerChunk": 6,
  "zincMinHeight": 6,
  "zincMaxHeight": 128
}