{
  "mythicmetals:aquarium_leggings": {
    "minecraft:respiration": 2
  },
  "mythicmetals:aquarium_boots": {
    "minecraft:depth_strider": 2
  },
  "mythicmetals:prometheum_leggings": {
    "minecraft:mending": 1
  },
  "mythicmetals:prometheum_helmet": {
    "minecraft:mending": 1
  },
  "mythicmetals:aquarium_helmet": {
    "minecraft:aqua_affinity": 1
  },
  "mythicmetals:prometheum_boots": {
    "minecraft:mending": 1
  },
  "mythicmetals:prometheum_chestplate": {
    "minecraft:mending": 1
  }
}